{
    "PH-SUR": {
        "PH-AGN": 13.283226795665145,
        "PH-AGS": 220.67079379982908,
        "PH-DAO": 13.479048125320915
    },
    "PH-TAR": {
        "PH-ZMB": 35.445952212444986,
        "PH-NUE": 72.35358438432807,
        "PH-PAM": 2.5733424921928774,
        "PH-PAN": 77.37898215569959
    },
    "PH-TAW": {},
    "PH-ZMB": {
        "PH-TAR": 35.445952212444986,
        "PH-BAN": 26.426517276250735,
        "PH-PAM": 28.80178755994931,
        "PH-PAN": 81.08318978148596
    },
    "PH-ZAN": {
        "PH-ZAS": 8.102480000000085
    },
    "PH-ZSI": {
        "PH-ZAS": 24.862643555180377
    },
    "PH-ABR": {
        "PH-APA": 61.28062681316121,
        "PH-ILN": 66.99294674328888,
        "PH-ILS": 65.46742535535526,
        "PH-KAL": 81.32903251634428,
        "PH-MOU": 5.187231047886025
    },
    "PH-AGN": {
        "PH-SUR": 13.283226795665145,
        "PH-AGS": 34.04186940929526,
        "PH-MSR": 5.566294203252849,
        "PH-SUN": 16.29485023075199
    },
    "PH-AGS": {
        "PH-SUR": 220.67079379982906,
        "PH-AGN": 34.041869409295266,
        "PH-BUK": 21.90627389375333
    },
    "PH-AKL": {
        "PH-ANT": 53.74926396094431,
        "PH-CAP": 24.66858778564394
    },
    "PH-ALB": {
        "PH-CAS": 60.445161588197664,
        "PH-SOR": 73.86835836381161
    },
    "PH-ANT": {
        "PH-AKL": 53.749263960944305,
        "PH-CAP": 27.412510221538575,
        "PH-ILI": 123.37774186454581
    },
    "PH-APA": {
        "PH-ABR": 61.2806268131612,
        "PH-CAG": 180.54289834172877,
        "PH-ILN": 74.76553742249745,
        "PH-KAL": 29.397703593172043
    },
    "PH-AUR": {
        "PH-BUL": 30.697057216731935,
        "PH-NUE": 89.0466390157545,
        "PH-QUE": 29.776405013930614
    },
    "PH-BAN": {
        "PH-ZMB": 26.426517276250735,
        "PH-PAM": 14.478784272952542
    },
    "PH-BTN": {},
    "PH-BTG": {
        "PH-CAV": 71.71700613447985,
        "PH-LAG": 40.099184531647296,
        "PH-QUE": 9.557249980806182
    },
    "PH-BEN": {
        "PH-IFU": 35.64638486876959,
        "PH-LUN": 36.24164693027486,
        "PH-MOU": 23.010667185927616,
        "PH-NUV": 57.40400643584059
    },
    "PH-BIL": {},
    "PH-BOH": {},
    "PH-BUK": {
        "PH-AGS": 21.90627389375333,
        "PH-DAV": 4.256485779426821,
        "PH-LAS": 56.08356305073325,
        "PH-MSR": 14.288273124267675,
        "PH-NCO": 66.72203094186264
    },
    "PH-BUL": {
        "PH-AUR": 30.69705721673193,
        "PH-MNL": 19.050332750686795,
        "PH-NUE": 13.905603499200435,
        "PH-PAM": 94.80821449986763,
        "PH-QUE": 0.03529779063141977
    },
    "PH-CAG": {
        "PH-APA": 180.54289834172874,
        "PH-ILN": 20.72834346833525,
        "PH-KAL": 39.46695586697375
    },
    "PH-CAN": {
        "PH-QUE": 82.95689784768994
    },
    "PH-CAS": {
        "PH-ALB": 60.44516158819767
    },
    "PH-CAM": {},
    "PH-CAP": {
        "PH-AKL": 24.66858778564394,
        "PH-ANT": 27.412510221538575,
        "PH-ILI": 52.31106501279345
    },
    "PH-CAT": {},
    "PH-CAV": {
        "PH-BTG": 71.71700613447985,
        "PH-LAG": 32.401448531747434
    },
    "PH-CEB": {},
    "PH-COM": {
        "PH-DAV": 147.39760736723545,
        "PH-DAO": 49.88035851196063
    },
    "PH-DAV": {
        "PH-BUK": 4.256485779426821,
        "PH-COM": 147.39760736723542,
        "PH-DAS": 33.26657091487266
    },
    "PH-DAS": {
        "PH-DAV": 33.26657091487266,
        "PH-NCO": 29.799486264649364,
        "PH-SAR": 25.974900664286885,
        "PH-SCO": 7.091906743296546,
        "PH-SUK": 3.143321746702152
    },
    "PH-DAO": {
        "PH-SUR": 13.479048125320913,
        "PH-COM": 49.88035851196063
    },
    "PH-DIN": {
        "PH-SUN": 5.270383695575261
    },
    "PH-EAS": {
        "PH-NSA": 40.91244837284266,
        "PH-WSA": 37.02193599389369
    },
    "PH-GUI": {},
    "PH-IFU": {
        "PH-BEN": 35.64638486876959,
        "PH-MOU": 10.894120982194258,
        "PH-NUV": 70.19450077476016
    },
    "PH-ILN": {
        "PH-ABR": 66.9929467432889,
        "PH-APA": 74.76553742249745,
        "PH-CAG": 20.728343468335254,
        "PH-ILS": 13.069961962339624
    },
    "PH-ILS": {
        "PH-ABR": 65.46742535535526,
        "PH-ILN": 13.069961962339624,
        "PH-LUN": 25.723918429766584
    },
    "PH-ILI": {
        "PH-ANT": 123.37774186454578,
        "PH-CAP": 52.311065012793456
    },
    "PH-ISA": {
        "PH-QUI": 81.05064894090374
    },
    "PH-KAL": {
        "PH-ABR": 81.32903251634428,
        "PH-APA": 29.397703593172043,
        "PH-CAG": 39.46695586697375,
        "PH-MOU": 0.0
    },
    "PH-LUN": {
        "PH-BEN": 36.24164693027486,
        "PH-ILS": 25.723918429766588
    },
    "PH-LAG": {
        "PH-BTG": 40.09918453164731,
        "PH-CAV": 32.401448531747434,
        "PH-MNL": 33.25186766719174,
        "PH-QUE": 94.04335782076328,
        "PH-RIZ": 139.48145567963888
    },
    "PH-LAN": {
        "PH-LAS": 52.62088752398309,
        "PH-ZAS": 19.629758682754893
    },
    "PH-LAS": {
        "PH-BUK": 56.08356305073325,
        "PH-LAN": 52.620887523983086,
        "PH_MG": 3.023867829276812,
        "PH-NCO": 8.979299987691034
    },
    "PH-LEY": {},
    "PH_MG": {
        "PH-LAS": 3.023867829276812,
        "PH-NCO": 189.0172787547386,
        "PH-SUK": 186.07016815020683
    },
    "PH-MAD": {},
    "PH-MAS": {},
    "PH-MNL": {
        "PH-BUL": 19.050332750686795,
        "PH-LAG": 33.25186766719173,
        "PH-RIZ": 39.70198191255328
    },
    "PH-MSC": {
        "PH-ZAS": 38.98575589254952
    },
    "PH-MSR": {
        "PH-AGN": 5.566294203252849,
        "PH-BUK": 14.288273124267675
    },
    "PH-MOU": {
        "PH-ABR": 5.187231047886025,
        "PH-BEN": 23.010667185927616,
        "PH-IFU": 10.89412098219426,
        "PH-KAL": 0.0
    },
    "PH-NEC": {
        "PH-NER": 206.98296901090495
    },
    "PH-NER": {
        "PH-NEC": 206.98296901090495
    },
    "PH-NCO": {
        "PH-BUK": 66.72203094186263,
        "PH-DAS": 29.799486264649364,
        "PH-LAS": 8.979299987691036,
        "PH_MG": 189.0172787547386,
        "PH-SUK": 17.780688754422513
    },
    "PH-NSA": {
        "PH-EAS": 40.91244837284267,
        "PH-WSA": 145.68910804716006
    },
    "PH-NUE": {
        "PH-TAR": 72.35358438432806,
        "PH-AUR": 89.0466390157545,
        "PH-BUL": 13.905603499200435,
        "PH-PAM": 14.112242689825784,
        "PH-PAN": 86.2269815751211
    },
    "PH-NUV": {
        "PH-BEN": 57.40400643584059,
        "PH-IFU": 70.19450077476017,
        "PH-PAN": 11.380821468062674,
        "PH-QUI": 75.82596776220167
    },
    "PH-MDC": {
        "PH-MDR": 187.55761474043837
    },
    "PH-MDR": {
        "PH-MDC": 187.55761474043837
    },
    "PH-PLW": {},
    "PH-PAM": {
        "PH-TAR": 2.5733424921928774,
        "PH-ZMB": 28.80178755994931,
        "PH-BAN": 14.478784272952542,
        "PH-BUL": 94.80821449986765,
        "PH-NUE": 14.112242689825784
    },
    "PH-PAN": {
        "PH-TAR": 77.37898215569959,
        "PH-ZMB": 81.08318978148597,
        "PH-NUE": 86.2269815751211,
        "PH-NUV": 11.380821468062674
    },
    "PH-QUE": {
        "PH-AUR": 29.776405013930606,
        "PH-BTG": 9.55724998080618,
        "PH-BUL": 0.03529779063141977,
        "PH-CAN": 82.95689784768994,
        "PH-LAG": 94.04335782076326,
        "PH-RIZ": 16.63630583947065
    },
    "PH-QUI": {
        "PH-ISA": 81.05064894090374,
        "PH-NUV": 75.82596776220167
    },
    "PH-RIZ": {
        "PH-LAG": 139.48145567963886,
        "PH-MNL": 39.70198191255328,
        "PH-QUE": 16.63630583947065
    },
    "PH-ROM": {},
    "PH-WSA": {
        "PH-EAS": 37.02193599389369,
        "PH-NSA": 145.68910804716003
    },
    "PH-SAR": {
        "PH-DAS": 25.974900664286885,
        "PH-SCO": 92.15661785925515
    },
    "PH-SIG": {},
    "PH-SOR": {
        "PH-ALB": 73.86835836381161
    },
    "PH-SCO": {
        "PH-DAS": 7.091906743296546,