{
    "CAR": {
        "REGION-II": 284.5928155852597,
        "REGION-I": 271.36166817689207
    },
    "REGION-XIII": {
        "REGION-VIII": 33.24135969652707,
        "REGION-X": 26.63610799633366,
        "REGION-XI": 85.47163200663964
    },
    "REGION-VI": {
        "REGION-VII": 98.29032814146588
    },
    "REGION-V": {
        "REGION-IV-A": 58.02315299463152,
        "REGION-VIII": 37.28103002554529
    },
    "REGION-III": {
        "REGION-II": 129.53676831725656,
        "REGION-IV-A": 55.39204597841897,
        "REGION-I": 127.78494092297365,
        "NCR": 20.701935140083283
    },
    "ARMM": {
        "REGION-X": 181.3927742373904,
        "REGION-IX": 34.978132629428494,
        "REGION-XII": 319.24101672940037
    },
    "REGION-II": {
        "CAR": 284.592815585259,
        "REGION-III": 129.53676831725664,
        "REGION-I": 19.3816870078014
    },
    "REGION-IV-A": {
        "REGION-V": 58.023152994631566,
        "REGION-III": 55.39204597841908,
        "NCR": 66.29322886821988
    },
    "REGION-VIII": {
        "REGION-XIII": 33.24135969652707,
        "REGION-V": 37.281030025545284,
        "REGION-VII": 79.23561115272031
    },
    "REGION-VII": {
        "REGION-VI": 98.29032814146592,
        "REGION-VIII": 79.23561115272027
    },
    "REGION-X": {
        "REGION-XIII": 26.636107996333653,
        "ARMM": 181.3927742373904,
        "REGION-IX": 115.32613044776618,
        "REGION-XI": 7.350943959387088,
        "REGION-XII": 50.04373810480677
    },
    "REGION-IX": {
        "ARMM": 34.97813262942848,
        "REGION-X": 115.32613044776622
    },
    "REGION-XI": {
        "REGION-XIII": 85.47163200663961,
        "REGION-X": 7.350943959387089,
        "REGION-XII": 200.8878926554978
    },
    "REGION-XII": {
        "ARMM": 319.2410167294006,
        "REGION-X": 50.04373810480677,
        "REGION-XI": 200.8878926554976
    },
    "REGION-I": {
        "CAR": 271.36166817689195,
        "REGION-III": 127.78494092297365,
        "REGION-II": 19.381687007801393
    },
    "REGION-IV-B": {},
    "NCR": {
        "REGION-III": 20.70193514008328,
        "REGION-IV-A": 66.29322886821993
    }
}